id,title,description,link,image_link,additional_image_link,availability,price,sale_price,brand,gtin,mpn,condition,product_type,google_product_category,custom_label_0,custom_label_1,custom_label_2,custom_label_3,custom_label_4
854,Гібридний інвертор Deye 80 кВт SUN-80K-SG02HP3-EU-EM6 3-фазний,"Гібридний інвертор Deye 80 кВт SUN-80K-SG02HP3-EU-EM6 3-фазний - сучасний гібридний інвертор від Deye, розроблений для ефективного 
перетворення сонячної енергії. Потужність: високої потужності. Ефективність: 98%.

Основні переваги:
• Висока ефективність перетворення енергії
• Надійна робота в будь-яких погодних умовах
• Можливість роботи з акумуляторними батареями
• Інтелектуальна система управління
• Захист від перенапруги та короткого замикання
• Простий монтаж та налаштування

Гарантія: 5 років. Відповідає всім європейським стандартам якості та безпеки.
Ідеальний вибір для приватних та комерційних сонячних електростанцій.",https://greensolartech.com.ua/product/854/,/media/products/%D0%93%D1%96%D0%B1%D1%80%D0%B8%D0%B4%D0%BD%D0%B8%D0%B9_%D1%96%D0%BD%D0%B2%D0%B5%D1%80%D1%82%D0%BE%D1%80_Deye_80_%D0%BA%D0%92%D1%82_7486fa88_WppkqIW.jpg,"/media/products/gallery/%D0%93%D1%96%D0%B1%D1%80%D0%B8%D0%B4%D0%BD%D0%B8%D0%B9_%D1%96%D0%BD%D0%B2%D0%B5%D1%80%D1%82%D0%BE%D1%80_Deye_80_%D0%BA%D0%92%D1%82_a271718d_iVBrpmA.jpg,/media/products/gallery/%D0%93%D1%96%D0%B1%D1%80%D0%B8%D0%B4%D0%BD%D0%B8%D0%B9_%D1%96%D0%BD%D0%B2%D0%B5%D1%80%D1%82%D0%BE%D1%80_Deye_80_%D0%BA%D0%92%D1%82_a801d6f0_Lm9eqlc.jpg,/media/products/gallery/%D0%93%D1%96%D0%B1%D1%80%D0%B8%D0%B4%D0%BD%D0%B8%D0%B9_%D1%96%D0%BD%D0%B2%D0%B5%D1%80%D1%82%D0%BE%D1%80_Deye_80_%D0%BA%D0%92%D1%82_e2226039_EEeTHb1.jpg,/media/products/gallery/%D0%93%D1%96%D0%B1%D1%80%D0%B8%D0%B4%D0%BD%D0%B8%D0%B9_%D1%96%D0%BD%D0%B2%D0%B5%D1%80%D1%82%D0%BE%D1%80_Deye_80_%D0%BA%D0%92%D1%82_53568d66_0v4gtRT.jpg",in stock,274000.00 UAH,,Deye,,Deye  Model,new,Інвертори,3239,,,,,
853,Гібридний інвертор Deye 15 кВт SUN-15K-SG05LP3-EU-SM2 3-фазний,"Гібридний інвертор Deye 15 кВт SUN-15K-SG05LP3-EU-SM2 3-фазний - якісний продукт від Deye для сонячної енергетики.

Основні характеристики:
• Сучасні технології виробництва
• Висока надійність та довговічність
• Відповідність міжнародним стандартам
• Оптимальне співвідношення ціна/якість
• Професійна технічна підтримка

Ідеальний вибір для створення ефективних сонячних енергосистем.
Забезпечує стабільну роботу та економію коштів на електроенергії.",https://greensolartech.com.ua/product/853/,/media/products/%D0%93%D0%B8%D0%B1%D1%80%D0%B8%D0%B4%D0%BD%D1%8B%D0%B9_%D0%B8%D0%BD%D0%B2%D0%B5%D1%80%D1%82%D0%BE%D1%80_Deye_15_%D0%BA%D0%92%D1%82_91d14c48.jpg,"/media/products/gallery/%D0%93%D0%B8%D0%B1%D1%80%D0%B8%D0%B4%D0%BD%D1%8B%D0%B9_%D0%B8%D0%BD%D0%B2%D0%B5%D1%80%D1%82%D0%BE%D1%80_Deye_15_%D0%BA%D0%92%D1%82_96235a81.jpg,/media/products/gallery/%D0%93%D0%B8%D0%B1%D1%80%D0%B8%D0%B4%D0%BD%D1%8B%D0%B9_%D0%B8%D0%BD%D0%B2%D0%B5%D1%80%D1%82%D0%BE%D1%80_Deye_15_%D0%BA%D0%92%D1%82_8456e069.jpg,/media/products/gallery/%D0%93%D0%B8%D0%B1%D1%80%D0%B8%D0%B4%D0%BD%D1%8B%D0%B9_%D0%B8%D0%BD%D0%B2%D0%B5%D1%80%D1%82%D0%BE%D1%80_Deye_15_%D0%BA%D0%92%D1%82_ceb5b403.jpg,/media/products/gallery/%D0%93%D0%B8%D0%B1%D1%80%D0%B8%D0%B4%D0%BD%D1%8B%D0%B9_%D0%B8%D0%BD%D0%B2%D0%B5%D1%80%D1%82%D0%BE%D1%80_Deye_15_%D0%BA%D0%92%D1%82_bae78ea3.jpg,/media/products/gallery/%D0%93%D0%B8%D0%B1%D1%80%D0%B8%D0%B4%D0%BD%D1%8B%D0%B9_%D0%B8%D0%BD%D0%B2%D0%B5%D1%80%D1%82%D0%BE%D1%80_Deye_15_%D0%BA%D0%92%D1%82_9f060d41.jpg",in stock,95300.00 UAH,,Deye,,Deye  Model,new,Інвертори,3239,,,,,
852,Гібридний інвертор Deye 8 кВт SUN-8K-SG05LP1-EU-SM2 1-фазний,"Гібридний інвертор Deye 8 кВт SUN-8K-SG05LP1-EU-SM2 1-фазний - якісний продукт від Deye для сонячної енергетики.

Основні характеристики:
• Сучасні технології виробництва
• Висока надійність та довговічність
• Відповідність міжнародним стандартам
• Оптимальне співвідношення ціна/якість
• Професійна технічна підтримка

Ідеальний вибір для створення ефективних сонячних енергосистем.
Забезпечує стабільну роботу та економію коштів на електроенергії.",https://greensolartech.com.ua/product/852/,/media/products/%D0%93%D0%B8%D0%B1%D1%80%D0%B8%D0%B4%D0%BD%D1%8B%D0%B9_%D0%B8%D0%BD%D0%B2%D0%B5%D1%80%D1%82%D0%BE%D1%80_Deye_8_%D0%BA%D0%92%D1%82__cba124c1.jpg,"/media/products/gallery/%D0%93%D0%B8%D0%B1%D1%80%D0%B8%D0%B4%D0%BD%D1%8B%D0%B9_%D0%B8%D0%BD%D0%B2%D0%B5%D1%80%D1%82%D0%BE%D1%80_Deye_8_%D0%BA%D0%92%D1%82__05b81058.jpg,/media/products/gallery/%D0%93%D0%B8%D0%B1%D1%80%D0%B8%D0%B4%D0%BD%D1%8B%D0%B9_%D0%B8%D0%BD%D0%B2%D0%B5%D1%80%D1%82%D0%BE%D1%80_Deye_8_%D0%BA%D0%92%D1%82__1aae2492.jpg,/media/products/gallery/%D0%93%D0%B8%D0%B1%D1%80%D0%B8%D0%B4%D0%BD%D1%8B%D0%B9_%D0%B8%D0%BD%D0%B2%D0%B5%D1%80%D1%82%D0%BE%D1%80_Deye_8_%D0%BA%D0%92%D1%82__83845891.jpg,/media/products/gallery/%D0%93%D0%B8%D0%B1%D1%80%D0%B8%D0%B4%D0%BD%D1%8B%D0%B9_%D0%B8%D0%BD%D0%B2%D0%B5%D1%80%D1%82%D0%BE%D1%80_Deye_8_%D0%BA%D0%92%D1%82__d39883b9.jpg",in stock,55400.00 UAH,,Deye,,Deye  Model,new,Інвертори,3239,,,,,
851,Гібридний інвертор Deye 6 кВт SUN-6K-SG04LP1-EU-SM2 1-фазний,"Гібридний інвертор Deye 6 кВт SUN-6K-SG04LP1-EU-SM2 1-фазний - якісний продукт від Deye для сонячної енергетики.

Основні характеристики:
• Сучасні технології виробництва
• Висока надійність та довговічність
• Відповідність міжнародним стандартам
• Оптимальне співвідношення ціна/якість
• Професійна технічна підтримка

Ідеальний вибір для створення ефективних сонячних енергосистем.
Забезпечує стабільну роботу та економію коштів на електроенергії.",https://greensolartech.com.ua/product/851/,/media/products/%D0%93%D0%B8%D0%B1%D1%80%D0%B8%D0%B4%D0%BD%D1%8B%D0%B9_%D0%B8%D0%BD%D0%B2%D0%B5%D1%80%D1%82%D0%BE%D1%80_Deye_6_%D0%BA%D0%92%D1%82__4370fa56.jpg,/media/products/gallery/%D0%93%D0%B8%D0%B1%D1%80%D0%B8%D0%B4%D0%BD%D1%8B%D0%B9_%D0%B8%D0%BD%D0%B2%D0%B5%D1%80%D1%82%D0%BE%D1%80_Deye_6_%D0%BA%D0%92%D1%82__00a9abb2.jpg,in stock,37800.00 UAH,,Deye,,Deye  Model,new,Інвертори,3239,,,,,
850,Сонячна панель на 420Вт LONGI Solar Hi-MO 6 Explorer LR5-54HTB-420M,"Сонячна панель на 420Вт LONGI Solar Hi-MO 6 Explorer LR5-54HTB-420M - високоефективна сонячна панель від LONGi Solar. 
Потужність: високої потужності. Ефективність: 22%.

Технічні характеристики:
• Монокристалічні кремнієві елементи
• Висока ефективність перетворення сонячного світла
• Стійкість до механічних навантажень
• Захист від несприятливих погодних умов
• Мінімальна деградація потужності
• Сертифікована якість та надійність

Гарантія: 25 років на потужність. Підходить для житлових та комерційних проєктів.
Забезпечує стабільну генерацію електроенергії протягом десятиліть.",https://greensolartech.com.ua/product/850/,/media/products/%D0%A1%D0%BE%D0%BB%D0%BD%D0%B5%D1%87%D0%BD%D0%B0%D1%8F_%D0%BF%D0%B0%D0%BD%D0%B5%D0%BB%D1%8C_%D0%BD%D0%B0_420%D0%92%D1%82_LONG_c794ac1f_IuV7dBV.jpg,"/media/products/gallery/%D0%A1%D0%BE%D0%BB%D0%BD%D0%B5%D1%87%D0%BD%D0%B0%D1%8F_%D0%BF%D0%B0%D0%BD%D0%B5%D0%BB%D1%8C_%D0%BD%D0%B0_420%D0%92%D1%82_LONG_ef18703c_56hRq8m.jpg,/media/products/gallery/%D0%A1%D0%BE%D0%BB%D0%BD%D0%B5%D1%87%D0%BD%D0%B0%D1%8F_%D0%BF%D0%B0%D0%BD%D0%B5%D0%BB%D1%8C_%D0%BD%D0%B0_420%D0%92%D1%82_LONG_59738437_KsZLZEH.jpg",in stock,2400.00 UAH,,LONGi Solar,,LONGi Solar Model,new,Сонячні панелі,3239,,,,,
849,Інвертор Must PV18-5248 PRO (MPPT) 5.2 кВт,"Інвертор Must PV18-5248 PRO (MPPT) 5.2 кВт - сучасний гібридний інвертор від Must, розроблений для ефективного 
перетворення сонячної енергії. Потужність: високої потужності. Ефективність: 98%.

Основні переваги:
• Висока ефективність перетворення енергії
• Надійна робота в будь-яких погодних умовах
• Можливість роботи з акумуляторними батареями
• Інтелектуальна система управління
• Захист від перенапруги та короткого замикання
• Простий монтаж та налаштування

Гарантія: 5 років. Відповідає всім європейським стандартам якості та безпеки.
Ідеальний вибір для приватних та комерційних сонячних електростанцій.",https://greensolartech.com.ua/product/849/,/media/products/%D0%86%D0%BD%D0%B2%D0%B5%D1%80%D1%82%D0%BE%D1%80_Must_PV18-5248_PRO__M_5fc78ead_z0ifT77.jpg,"/media/products/gallery/%D0%86%D0%BD%D0%B2%D0%B5%D1%80%D1%82%D0%BE%D1%80_Must_PV18-5248_PRO__M_103dc0b8_ZxJ7Lih.jpg,/media/products/gallery/%D0%86%D0%BD%D0%B2%D0%B5%D1%80%D1%82%D0%BE%D1%80_Must_PV18-5248_PRO__M_f53a1d5f_2qej3X5.jpg,/media/products/gallery/%D0%86%D0%BD%D0%B2%D0%B5%D1%80%D1%82%D0%BE%D1%80_Must_PV18-5248_PRO__M_b7840b2b_rUoyJob.jpg",in stock,14900.00 UAH,,Must,,Must Model,new,Інвертори,3239,,,,,
848,"Комплект резервного живлення 2.51 кВт (must pv18-3224 vpmII +LVTS 256100 ( 24 В , 100А)","Комплект резервного живлення 2.51 кВт (must pv18-3224 vpmII +LVTS 256100 ( 24 В , 100А) - готове рішення для резервного живлення від Must.

Комплект включає:
• Гібридний інвертор високої якості
• Літій-залізо-фосфатну батарею
• Необхідні кабелі та з'єднання
• Систему моніторингу та управління

Переваги готового рішення:
• Всі компоненти протестовані разом
• Простий монтаж та налаштування
• Технічна підтримка та гарантія
• Оптимальне співвідношення ціна/якість

Забезпечує надійне резервне живлення для дому чи офісу.",https://greensolartech.com.ua/product/848/,/media/products/%D0%9A%D0%BE%D0%BC%D0%BF%D0%BB%D0%B5%D0%BA%D1%82_%D1%80%D0%B5%D0%B7%D0%B5%D1%80%D0%B2%D0%BD%D0%BE%D0%B3%D0%BE_%D0%B6%D0%B8%D0%B2%D0%BB%D0%B5%D0%BD%D0%BD%D1%8F_2_a12b29f3_RKOVtKC.jpg,"/media/products/gallery/%D0%9A%D0%BE%D0%BC%D0%BF%D0%BB%D0%B5%D0%BA%D1%82_%D1%80%D0%B5%D0%B7%D0%B5%D1%80%D0%B2%D0%BD%D0%BE%D0%B3%D0%BE_%D0%B6%D0%B8%D0%B2%D0%BB%D0%B5%D0%BD%D0%BD%D1%8F_2_bde36ecc_mssnJS2.jpg,/media/products/gallery/%D0%9A%D0%BE%D0%BC%D0%BF%D0%BB%D0%B5%D0%BA%D1%82_%D1%80%D0%B5%D0%B7%D0%B5%D1%80%D0%B2%D0%BD%D0%BE%D0%B3%D0%BE_%D0%B6%D0%B8%D0%B2%D0%BB%D0%B5%D0%BD%D0%BD%D1%8F_2_781dcc72_jR7dGDl.jpg,/media/products/gallery/%D0%9A%D0%BE%D0%BC%D0%BF%D0%BB%D0%B5%D0%BA%D1%82_%D1%80%D0%B5%D0%B7%D0%B5%D1%80%D0%B2%D0%BD%D0%BE%D0%B3%D0%BE_%D0%B6%D0%B8%D0%B2%D0%BB%D0%B5%D0%BD%D0%BD%D1%8F_2_8e36f51c_6T7MIaw.jpg",in stock,30500.00 UAH,,Must,,Must Model,new,Комплекти резервного живлення,3239,,,,,
847,Монтаж сонячних електростанцій,"Монтаж сонячних електростанцій - високоефективна сонячна панель від Невідомий. 
Потужність: високої потужності. Ефективність: 22%.

Технічні характеристики:
• Монокристалічні кремнієві елементи
• Висока ефективність перетворення сонячного світла
• Стійкість до механічних навантажень
• Захист від несприятливих погодних умов
• Мінімальна деградація потужності
• Сертифікована якість та надійність

Гарантія: 25 років на потужність. Підходить для житлових та комерційних проєктів.
Забезпечує стабільну генерацію електроенергії протягом десятиліть.",https://greensolartech.com.ua/product/847/,/media/products/%D0%9C%D0%BE%D0%BD%D1%82%D0%B0%D0%B6_%D1%81%D0%BE%D0%BD%D1%8F%D1%87%D0%BD%D0%B8%D1%85_%D0%B5%D0%BB%D0%B5%D0%BA%D1%82%D1%80%D0%BE%D1%81%D1%82%D0%B0%D0%BD%D1%86%D1%96%D0%B9_f376ec28.jpg,,in stock,1.00 UAH,,Невідомий,,nan Model,new,Додаткові послуги,3239,,,,,
846,Сонячна панель 700 Вт Risen Energy RSM132-8-700BHDG,"Сонячна панель 700 Вт Risen Energy RSM132-8-700BHDG - високоефективна сонячна панель від Risen Energy. 
Потужність: високої потужності. Ефективність: 22%.

Технічні характеристики:
• Монокристалічні кремнієві елементи
• Висока ефективність перетворення сонячного світла
• Стійкість до механічних навантажень
• Захист від несприятливих погодних умов
• Мінімальна деградація потужності
• Сертифікована якість та надійність

Гарантія: 25 років на потужність. Підходить для житлових та комерційних проєктів.
Забезпечує стабільну генерацію електроенергії протягом десятиліть.",https://greensolartech.com.ua/product/846/,/media/products/%D0%A1%D0%BE%D0%BD%D1%8F%D1%87%D0%BD%D0%B0_%D0%BF%D0%B0%D0%BD%D0%B5%D0%BB%D1%8C_700_%D0%92%D1%82_Risen_En_6af25628_9Q0IVJG.jpg,"/media/products/gallery/%D0%A1%D0%BE%D0%BD%D1%8F%D1%87%D0%BD%D0%B0_%D0%BF%D0%B0%D0%BD%D0%B5%D0%BB%D1%8C_700_%D0%92%D1%82_Risen_En_f200e427_4IY2NAa.jpg,/media/products/gallery/%D0%A1%D0%BE%D0%BD%D1%8F%D1%87%D0%BD%D0%B0_%D0%BF%D0%B0%D0%BD%D0%B5%D0%BB%D1%8C_700_%D0%92%D1%82_Risen_En_0da38586_Gt9zA8l.jpg,/media/products/gallery/%D0%A1%D0%BE%D0%BD%D1%8F%D1%87%D0%BD%D0%B0_%D0%BF%D0%B0%D0%BD%D0%B5%D0%BB%D1%8C_700_%D0%92%D1%82_Risen_En_15498f26_AjBLeTA.jpg",in stock,4440.00 UAH,,Risen Energy,,Risen Energy Model,new,Сонячні панелі,3239,,,,,
845,Сонячна панель Longi Solar LR5-54HTH-435M Black Frame,"Сонячна панель Longi Solar LR5-54HTH-435M Black Frame - високоефективна сонячна панель від LONGi Solar. 
Потужність: високої потужності. Ефективність: 22%.

Технічні характеристики:
• Монокристалічні кремнієві елементи
• Висока ефективність перетворення сонячного світла
• Стійкість до механічних навантажень
• Захист від несприятливих погодних умов
• Мінімальна деградація потужності
• Сертифікована якість та надійність

Гарантія: 25 років на потужність. Підходить для житлових та комерційних проєктів.
Забезпечує стабільну генерацію електроенергії протягом десятиліть.",https://greensolartech.com.ua/product/845/,/media/products/%D0%A1%D0%BE%D0%BD%D1%8F%D1%87%D0%BD%D0%B0_%D0%BF%D0%B0%D0%BD%D0%B5%D0%BB%D1%8C_Longi_Solar_LR5_829dc5a3_QbQsUQA.jpg,"/media/products/gallery/%D0%A1%D0%BE%D0%BD%D1%8F%D1%87%D0%BD%D0%B0_%D0%BF%D0%B0%D0%BD%D0%B5%D0%BB%D1%8C_Longi_Solar_LR5_f364e670_9B7I7QX.jpg,/media/products/gallery/%D0%A1%D0%BE%D0%BD%D1%8F%D1%87%D0%BD%D0%B0_%D0%BF%D0%B0%D0%BD%D0%B5%D0%BB%D1%8C_Longi_Solar_LR5_4ae1083a_CPwJcxM.jpg,/media/products/gallery/%D0%A1%D0%BE%D0%BD%D1%8F%D1%87%D0%BD%D0%B0_%D0%BF%D0%B0%D0%BD%D0%B5%D0%BB%D1%8C_Longi_Solar_LR5_6d8a68d3_TWXu3pA.jpg",in stock,2600.00 UAH,,LONGi Solar,,LONGi Solar Model,new,Сонячні панелі,3239,,,,,
844,Сонячна панель Longi Solar LR5-66HTH-530M Black Frame,"Сонячна панель Longi Solar LR5-66HTH-530M Black Frame - високоефективна сонячна панель від LONGi Solar. 
Потужність: високої потужності. Ефективність: 22%.

Технічні характеристики:
• Монокристалічні кремнієві елементи
• Висока ефективність перетворення сонячного світла
• Стійкість до механічних навантажень
• Захист від несприятливих погодних умов
• Мінімальна деградація потужності
• Сертифікована якість та надійність

Гарантія: 25 років на потужність. Підходить для житлових та комерційних проєктів.
Забезпечує стабільну генерацію електроенергії протягом десятиліть.",https://greensolartech.com.ua/product/844/,/media/products/%D0%A1%D0%BE%D0%BD%D1%8F%D1%87%D0%BD%D0%B0_%D0%BF%D0%B0%D0%BD%D0%B5%D0%BB%D1%8C_Longi_Solar_LR5_f364e670_vX0omNN.jpg,"/media/products/gallery/%D0%A1%D0%BE%D0%BD%D1%8F%D1%87%D0%BD%D0%B0_%D0%BF%D0%B0%D0%BD%D0%B5%D0%BB%D1%8C_Longi_Solar_LR5_829dc5a3_s4bjrY8.jpg,/media/products/gallery/%D0%A1%D0%BE%D0%BD%D1%8F%D1%87%D0%BD%D0%B0_%D0%BF%D0%B0%D0%BD%D0%B5%D0%BB%D1%8C_Longi_Solar_LR5_4ae1083a_1dOaw2M.jpg,/media/products/gallery/%D0%A1%D0%BE%D0%BD%D1%8F%D1%87%D0%BD%D0%B0_%D0%BF%D0%B0%D0%BD%D0%B5%D0%BB%D1%8C_Longi_Solar_LR5_6d8a68d3_OlE4q9H.jpg",in stock,3500.00 UAH,,LONGi Solar,,LONGi Solar Model,new,Сонячні панелі,3239,,,,,
843,Сонячна панель Longi Solar LR5-72HTH-590M,"Сонячна панель Longi Solar LR5-72HTH-590M - високоефективна сонячна панель від LONGi Solar. 
Потужність: високої потужності. Ефективність: 22%.

Технічні характеристики:
• Монокристалічні кремнієві елементи
• Висока ефективність перетворення сонячного світла
• Стійкість до механічних навантажень
• Захист від несприятливих погодних умов
• Мінімальна деградація потужності
• Сертифікована якість та надійність

Гарантія: 25 років на потужність. Підходить для житлових та комерційних проєктів.
Забезпечує стабільну генерацію електроенергії протягом десятиліть.",https://greensolartech.com.ua/product/843/,/media/products/%D0%A1%D0%BE%D0%BD%D1%8F%D1%87%D0%BD%D0%B0_%D0%BF%D0%B0%D0%BD%D0%B5%D0%BB%D1%8C_Longi_Solar_LR5_180493e4_IhLongG.jpg,/media/products/gallery/%D0%A1%D0%BE%D0%BD%D1%8F%D1%87%D0%BD%D0%B0_%D0%BF%D0%B0%D0%BD%D0%B5%D0%BB%D1%8C_Longi_Solar_LR5_385ccd6b_PsxyJeA.jpg,in stock,4080.00 UAH,,LONGi Solar,,LONGi Solar Model,new,Сонячні панелі,3239,,,,,
842,Сонячна панель Longi Solar LR7-72HTH-610M,"Сонячна панель Longi Solar LR7-72HTH-610M - високоефективна сонячна панель від LONGi Solar. 
Потужність: високої потужності. Ефективність: 22%.

Технічні характеристики:
• Монокристалічні кремнієві елементи
• Висока ефективність перетворення сонячного світла
• Стійкість до механічних навантажень
• Захист від несприятливих погодних умов
• Мінімальна деградація потужності
• Сертифікована якість та надійність

Гарантія: 25 років на потужність. Підходить для житлових та комерційних проєктів.
Забезпечує стабільну генерацію електроенергії протягом десятиліть.",https://greensolartech.com.ua/product/842/,/media/products/%D0%A1%D0%BE%D0%BD%D1%8F%D1%87%D0%BD%D0%B0_%D0%BF%D0%B0%D0%BD%D0%B5%D0%BB%D1%8C_Longi_Solar_LR7_180493e4_yNsqHoK.jpg,/media/products/gallery/%D0%A1%D0%BE%D0%BD%D1%8F%D1%87%D0%BD%D0%B0_%D0%BF%D0%B0%D0%BD%D0%B5%D0%BB%D1%8C_Longi_Solar_LR7_385ccd6b_o1ROgss.jpg,in stock,3700.00 UAH,,LONGi Solar,,LONGi Solar Model,new,Сонячні панелі,3239,,,,,
841,Сонячна панель Longi Solar LR8-66HGD-615M,"Сонячна панель Longi Solar LR8-66HGD-615M - високоефективна сонячна панель від LONGi Solar. 
Потужність: високої потужності. Ефективність: 22%.

Технічні характеристики:
• Монокристалічні кремнієві елементи
• Висока ефективність перетворення сонячного світла
• Стійкість до механічних навантажень
• Захист від несприятливих погодних умов
• Мінімальна деградація потужності
• Сертифікована якість та надійність

Гарантія: 25 років на потужність. Підходить для житлових та комерційних проєктів.
Забезпечує стабільну генерацію електроенергії протягом десятиліть.",https://greensolartech.com.ua/product/841/,/media/products/%D0%A1%D0%BE%D0%BD%D1%8F%D1%87%D0%BD%D0%B0_%D0%BF%D0%B0%D0%BD%D0%B5%D0%BB%D1%8C_Longi_Solar_LR8_180493e4_vhOs79u.jpg,/media/products/gallery/%D0%A1%D0%BE%D0%BD%D1%8F%D1%87%D0%BD%D0%B0_%D0%BF%D0%B0%D0%BD%D0%B5%D0%BB%D1%8C_Longi_Solar_LR8_385ccd6b_oMnEAQY.jpg,in stock,3740.00 UAH,,LONGi Solar,,LONGi Solar Model,new,Сонячні панелі,3239,,,,,
840,Акумуляторна батарея Deye SE-G5.1Pro-B,"Акумуляторна батарея Deye SE-G5.1Pro-B - надійна літій-залізо-фосфатна (LiFePO4) батарея від Deye.
Ємність: високої ємності.

Переваги технології LiFePO4:
• Довгий термін служби (понад 6000 циклів)
• Висока безпека експлуатації
• Стабільна робота при різних температурах
• Швидка зарядка та розрядка
• Екологічність та нетоксичність
• Мінімальний саморозряд

Гарантія: 10 років. Ідеально підходить для систем резервного живлення, 
сонячних електростанцій та автономних енергосистем.",https://greensolartech.com.ua/product/840/,/media/products/%D0%90%D0%BA%D1%83%D0%BC%D1%83%D0%BB%D1%8F%D1%82%D0%BE%D1%80%D0%BD%D0%B0_%D0%B1%D0%B0%D1%82%D0%B0%D1%80%D0%B5%D1%8F_Deye_SE-G_11c23dfe_zFINXHL.jpg,"/media/products/gallery/%D0%90%D0%BA%D1%83%D0%BC%D1%83%D0%BB%D1%8F%D1%82%D0%BE%D1%80%D0%BD%D0%B0_%D0%B1%D0%B0%D1%82%D0%B0%D1%80%D0%B5%D1%8F_Deye_SE-G_27a1de05_w5RLsNK.jpg,/media/products/gallery/%D0%90%D0%BA%D1%83%D0%BC%D1%83%D0%BB%D1%8F%D1%82%D0%BE%D1%80%D0%BD%D0%B0_%D0%B1%D0%B0%D1%82%D0%B0%D1%80%D0%B5%D1%8F_Deye_SE-G_06bbed41_swneGaE.jpg",in stock,36990.00 UAH,,Deye,,Deye  Model,new,Акумуляторні батареї,3239,,,,,
839,"Акумуляторна батарея lvtopsun Lithium Battery-G2 LVTS-256100 2,56 квт*год 25,6 В 100А","Акумуляторна батарея lvtopsun Lithium Battery-G2 LVTS-256100 2,56 квт*год 25,6 В 100А - надійна літій-залізо-фосфатна (LiFePO4) батарея від Lvtopsun.
Ємність: високої ємності.

Переваги технології LiFePO4:
• Довгий термін служби (понад 6000 циклів)
• Висока безпека експлуатації
• Стабільна робота при різних температурах
• Швидка зарядка та розрядка
• Екологічність та нетоксичність
• Мінімальний саморозряд

Гарантія: 10 років. Ідеально підходить для систем резервного живлення, 
сонячних електростанцій та автономних енергосистем.",https://greensolartech.com.ua/product/839/,/media/products/%D0%90%D0%BA%D1%83%D0%BC%D1%83%D0%BB%D1%8F%D1%82%D0%BE%D1%80%D0%BD%D0%B0_%D0%B1%D0%B0%D1%82%D0%B0%D1%80%D0%B5%D1%8F_lvtopsun__12398170_5Oip9HS.jpg,"/media/products/gallery/%D0%90%D0%BA%D1%83%D0%BC%D1%83%D0%BB%D1%8F%D1%82%D0%BE%D1%80%D0%BD%D0%B0_%D0%B1%D0%B0%D1%82%D0%B0%D1%80%D0%B5%D1%8F_lvtopsun__78b914eb_mGnnTdY.jpg,/media/products/gallery/%D0%90%D0%BA%D1%83%D0%BC%D1%83%D0%BB%D1%8F%D1%82%D0%BE%D1%80%D0%BD%D0%B0_%D0%B1%D0%B0%D1%82%D0%B0%D1%80%D0%B5%D1%8F_lvtopsun__8813e4cb_UqW5IWM.jpg,/media/products/gallery/%D0%90%D0%BA%D1%83%D0%BC%D1%83%D0%BB%D1%8F%D1%82%D0%BE%D1%80%D0%BD%D0%B0_%D0%B1%D0%B0%D1%82%D0%B0%D1%80%D0%B5%D1%8F_lvtopsun__d43adcd7_qzJ7w3H.jpg",in stock,22000.00 UAH,,Lvtopsun,,Lvtopsun Model,new,Акумуляторні батареї,3239,,,,,
838,Акумуляторна батарея lvtopsun Lithium Battery-G2 LVTS-48100 220V и 110V,"Акумуляторна батарея lvtopsun Lithium Battery-G2 LVTS-48100 220V и 110V - надійна літій-залізо-фосфатна (LiFePO4) батарея від Lvtopsun.
Ємність: високої ємності.

Переваги технології LiFePO4:
• Довгий термін служби (понад 6000 циклів)
• Висока безпека експлуатації
• Стабільна робота при різних температурах
• Швидка зарядка та розрядка
• Екологічність та нетоксичність
• Мінімальний саморозряд

Гарантія: 10 років. Ідеально підходить для систем резервного живлення, 
сонячних електростанцій та автономних енергосистем.",https://greensolartech.com.ua/product/838/,/media/products/%D0%90%D0%BA%D1%83%D0%BC%D1%83%D0%BB%D1%8F%D1%82%D0%BE%D1%80%D0%BD%D0%B0_%D0%B1%D0%B0%D1%82%D0%B0%D1%80%D0%B5%D1%8F_lvtopsun__65280f8e_BqD72JN.jpg,"/media/products/gallery/%D0%90%D0%BA%D1%83%D0%BC%D1%83%D0%BB%D1%8F%D1%82%D0%BE%D1%80%D0%BD%D0%B0_%D0%B1%D0%B0%D1%82%D0%B0%D1%80%D0%B5%D1%8F_lvtopsun__0fb61f13_2c92yZc.jpg,/media/products/gallery/%D0%90%D0%BA%D1%83%D0%BC%D1%83%D0%BB%D1%8F%D1%82%D0%BE%D1%80%D0%BD%D0%B0_%D0%B1%D0%B0%D1%82%D0%B0%D1%80%D0%B5%D1%8F_lvtopsun__f25ebe48_AeZvW1K.jpg,/media/products/gallery/%D0%90%D0%BA%D1%83%D0%BC%D1%83%D0%BB%D1%8F%D1%82%D0%BE%D1%80%D0%BD%D0%B0_%D0%B1%D0%B0%D1%82%D0%B0%D1%80%D0%B5%D1%8F_lvtopsun__d1a014c5_H3id5Ca.jpg,/media/products/gallery/%D0%90%D0%BA%D1%83%D0%BC%D1%83%D0%BB%D1%8F%D1%82%D0%BE%D1%80%D0%BD%D0%B0_%D0%B1%D0%B0%D1%82%D0%B0%D1%80%D0%B5%D1%8F_lvtopsun__f97ec114_Lo4FuBz.jpg,/media/products/gallery/%D0%90%D0%BA%D1%83%D0%BC%D1%83%D0%BB%D1%8F%D1%82%D0%BE%D1%80%D0%BD%D0%B0_%D0%B1%D0%B0%D1%82%D0%B0%D1%80%D0%B5%D1%8F_lvtopsun__dca150ca_HGPGn9K.jpg",in stock,95500.00 UAH,,Lvtopsun,,Lvtopsun Model,new,Акумуляторні батареї,3239,,,,,
837,Акумуляторна батарея lvtopsun Lithium Battery-G2 LVTS-512200 220V и 110V,"Акумуляторна батарея lvtopsun Lithium Battery-G2 LVTS-512200 220V и 110V - надійна літій-залізо-фосфатна (LiFePO4) батарея від Lvtopsun.
Ємність: високої ємності.

Переваги технології LiFePO4:
• Довгий термін служби (понад 6000 циклів)
• Висока безпека експлуатації
• Стабільна робота при різних температурах
• Швидка зарядка та розрядка
• Екологічність та нетоксичність
• Мінімальний саморозряд

Гарантія: 10 років. Ідеально підходить для систем резервного живлення, 
сонячних електростанцій та автономних енергосистем.",https://greensolartech.com.ua/product/837/,/media/products/%D0%90%D0%BA%D1%83%D0%BC%D1%83%D0%BB%D1%8F%D1%82%D0%BE%D1%80%D0%BD%D0%B0_%D0%B1%D0%B0%D1%82%D0%B0%D1%80%D0%B5%D1%8F_lvtopsun__ea34488c_jRGYWvQ.jpg,"/media/products/gallery/%D0%90%D0%BA%D1%83%D0%BC%D1%83%D0%BB%D1%8F%D1%82%D0%BE%D1%80%D0%BD%D0%B0_%D0%B1%D0%B0%D1%82%D0%B0%D1%80%D0%B5%D1%8F_lvtopsun__6c5c9706_obGBwPi.jpg,/media/products/gallery/%D0%90%D0%BA%D1%83%D0%BC%D1%83%D0%BB%D1%8F%D1%82%D0%BE%D1%80%D0%BD%D0%B0_%D0%B1%D0%B0%D1%82%D0%B0%D1%80%D0%B5%D1%8F_lvtopsun__9b3eedc7_48B7Fk9.jpg,/media/products/gallery/%D0%90%D0%BA%D1%83%D0%BC%D1%83%D0%BB%D1%8F%D1%82%D0%BE%D1%80%D0%BD%D0%B0_%D0%B1%D0%B0%D1%82%D0%B0%D1%80%D0%B5%D1%8F_lvtopsun__2155f07a_wPxENdW.jpg,/media/products/gallery/%D0%90%D0%BA%D1%83%D0%BC%D1%83%D0%BB%D1%8F%D1%82%D0%BE%D1%80%D0%BD%D0%B0_%D0%B1%D0%B0%D1%82%D0%B0%D1%80%D0%B5%D1%8F_lvtopsun__9b571294_skgbAJN.jpg,/media/products/gallery/%D0%90%D0%BA%D1%83%D0%BC%D1%83%D0%BB%D1%8F%D1%82%D0%BE%D1%80%D0%BD%D0%B0_%D0%B1%D0%B0%D1%82%D0%B0%D1%80%D0%B5%D1%8F_lvtopsun__c14b10df_TG6JTzE.jpg,/media/products/gallery/%D0%90%D0%BA%D1%83%D0%BC%D1%83%D0%BB%D1%8F%D1%82%D0%BE%D1%80%D0%BD%D0%B0_%D0%B1%D0%B0%D1%82%D0%B0%D1%80%D0%B5%D1%8F_lvtopsun__330b534a_hyLdz8y.jpg",in stock,63000.00 UAH,,Lvtopsun,,Lvtopsun Model,new,Акумуляторні батареї,3239,,,,,
836,Акумуляторна батарея lvtopsun Lithium Battery-G2 LVTS-512228 220V и 110V,"Акумуляторна батарея lvtopsun Lithium Battery-G2 LVTS-512228 220V и 110V - надійна літій-залізо-фосфатна (LiFePO4) батарея від Lvtopsun.
Ємність: високої ємності.

Переваги технології LiFePO4:
• Довгий термін служби (понад 6000 циклів)
• Висока безпека експлуатації
• Стабільна робота при різних температурах
• Швидка зарядка та розрядка
• Екологічність та нетоксичність
• Мінімальний саморозряд

Гарантія: 10 років. Ідеально підходить для систем резервного живлення, 
сонячних електростанцій та автономних енергосистем.",https://greensolartech.com.ua/product/836/,/media/products/%D0%90%D0%BA%D1%83%D0%BC%D1%83%D0%BB%D1%8F%D1%82%D0%BE%D1%80%D0%BD%D0%B0_%D0%B1%D0%B0%D1%82%D0%B0%D1%80%D0%B5%D1%8F_lvtopsun__68e92027_WwWM6Bk.jpg,"/media/products/gallery/%D0%90%D0%BA%D1%83%D0%BC%D1%83%D0%BB%D1%8F%D1%82%D0%BE%D1%80%D0%BD%D0%B0_%D0%B1%D0%B0%D1%82%D0%B0%D1%80%D0%B5%D1%8F_lvtopsun__71e68cac_SbSPaWH.jpg,/media/products/gallery/%D0%90%D0%BA%D1%83%D0%BC%D1%83%D0%BB%D1%8F%D1%82%D0%BE%D1%80%D0%BD%D0%B0_%D0%B1%D0%B0%D1%82%D0%B0%D1%80%D0%B5%D1%8F_lvtopsun__c17f5d5e_Txv1UvU.jpg,/media/products/gallery/%D0%90%D0%BA%D1%83%D0%BC%D1%83%D0%BB%D1%8F%D1%82%D0%BE%D1%80%D0%BD%D0%B0_%D0%B1%D0%B0%D1%82%D0%B0%D1%80%D0%B5%D1%8F_lvtopsun__cf083e52_HHfQLTi.jpg",in stock,70000.00 UAH,,Lvtopsun,,Lvtopsun Model,new,Акумуляторні батареї,3239,,,,,
835,Акумуляторна батарея lvtopsun Lithium Battery-G2 LVTS-512300 220V и 110V,"Акумуляторна батарея lvtopsun Lithium Battery-G2 LVTS-512300 220V и 110V - надійна літій-залізо-фосфатна (LiFePO4) батарея від Lvtopsun.
Ємність: високої ємності.

Переваги технології LiFePO4:
• Довгий термін служби (понад 6000 циклів)
• Висока безпека експлуатації
• Стабільна робота при різних температурах
• Швидка зарядка та розрядка
• Екологічність та нетоксичність
• Мінімальний саморозряд

Гарантія: 10 років. Ідеально підходить для систем резервного живлення, 
сонячних електростанцій та автономних енергосистем.",https://greensolartech.com.ua/product/835/,/media/products/%D0%90%D0%BA%D1%83%D0%BC%D1%83%D0%BB%D1%8F%D1%82%D0%BE%D1%80%D0%BD%D0%B0_%D0%B1%D0%B0%D1%82%D0%B0%D1%80%D0%B5%D1%8F_lvtopsun__542bc823_ZIwXR3U.jpg,"/media/products/gallery/%D0%90%D0%BA%D1%83%D0%BC%D1%83%D0%BB%D1%8F%D1%82%D0%BE%D1%80%D0%BD%D0%B0_%D0%B1%D0%B0%D1%82%D0%B0%D1%80%D0%B5%D1%8F_lvtopsun__30f2380b_cl4fTTY.jpg,/media/products/gallery/%D0%90%D0%BA%D1%83%D0%BC%D1%83%D0%BB%D1%8F%D1%82%D0%BE%D1%80%D0%BD%D0%B0_%D0%B1%D0%B0%D1%82%D0%B0%D1%80%D0%B5%D1%8F_lvtopsun__71e68cac_LEbFmUe.jpg,/media/products/gallery/%D0%90%D0%BA%D1%83%D0%BC%D1%83%D0%BB%D1%8F%D1%82%D0%BE%D1%80%D0%BD%D0%B0_%D0%B1%D0%B0%D1%82%D0%B0%D1%80%D0%B5%D1%8F_lvtopsun__4efd044a_UBAYf5K.jpg,/media/products/gallery/%D0%90%D0%BA%D1%83%D0%BC%D1%83%D0%BB%D1%8F%D1%82%D0%BE%D1%80%D0%BD%D0%B0_%D0%B1%D0%B0%D1%82%D0%B0%D1%80%D0%B5%D1%8F_lvtopsun__e271a44d_CHGdXPh.jpg,/media/products/gallery/%D0%90%D0%BA%D1%83%D0%BC%D1%83%D0%BB%D1%8F%D1%82%D0%BE%D1%80%D0%BD%D0%B0_%D0%B1%D0%B0%D1%82%D0%B0%D1%80%D0%B5%D1%8F_lvtopsun__a5fd4171_qOxuglK.jpg",in stock,84000.00 UAH,,Lvtopsun,,Lvtopsun Model,new,Акумуляторні батареї,3239,,,,,
834,"Високовольтна система зберігання енергії на 20 кВт: 4 модулів 100 А Deye BOS-G20-20,48kW 204.8 V 100 Ah","Високовольтна система зберігання енергії на 20 кВт: 4 модулів 100 А Deye BOS-G20-20,48kW 204.8 V 100 Ah - якісний продукт від Deye для сонячної енергетики.

Основні характеристики:
• Сучасні технології виробництва
• Висока надійність та довговічність
• Відповідність міжнародним стандартам
• Оптимальне співвідношення ціна/якість
• Професійна технічна підтримка

Ідеальний вибір для створення ефективних сонячних енергосистем.
Забезпечує стабільну роботу та економію коштів на електроенергії.",https://greensolartech.com.ua/product/834/,/media/products/%D0%92%D0%B8%D1%81%D0%BE%D0%BA%D0%BE%D0%B2%D0%BE%D0%BB%D1%8C%D1%82%D0%BD%D0%B0_%D1%81%D0%B8%D1%81%D1%82%D0%B5%D0%BC%D0%B0_%D0%B7%D0%B1%D0%B5%D1%80%D1%96%D0%B3%D0%B0%D0%BD_67ee1883_jV26esQ.jpg,"/media/products/gallery/%D0%92%D0%B8%D1%81%D0%BE%D0%BA%D0%BE%D0%B2%D0%BE%D0%BB%D1%8C%D1%82%D0%BD%D0%B0_%D1%81%D0%B8%D1%81%D1%82%D0%B5%D0%BC%D0%B0_%D0%B7%D0%B1%D0%B5%D1%80%D1%96%D0%B3%D0%B0%D0%BD_fc46b9a5_nLF5QSz.jpg,/media/products/gallery/%D0%92%D0%B8%D1%81%D0%BE%D0%BA%D0%BE%D0%B2%D0%BE%D0%BB%D1%8C%D1%82%D0%BD%D0%B0_%D1%81%D0%B8%D1%81%D1%82%D0%B5%D0%BC%D0%B0_%D0%B7%D0%B1%D0%B5%D1%80%D1%96%D0%B3%D0%B0%D0%BD_88471259_7fsr4YY.jpg",in stock,226500.00 UAH,,Deye,,Deye  Model,new,Акумуляторні батареї,3239,,,,,
833,"Високовольтна система зберігання енергії на 30 кВт: 6 модулів 100 А Deye BOS-G30-30,72kW 307.2V 100Ah","Високовольтна система зберігання енергії на 30 кВт: 6 модулів 100 А Deye BOS-G30-30,72kW 307.2V 100Ah - якісний продукт від Deye для сонячної енергетики.

Основні характеристики:
• Сучасні технології виробництва
• Висока надійність та довговічність
• Відповідність міжнародним стандартам
• Оптимальне співвідношення ціна/якість
• Професійна технічна підтримка

Ідеальний вибір для створення ефективних сонячних енергосистем.
Забезпечує стабільну роботу та економію коштів на електроенергії.",https://greensolartech.com.ua/product/833/,/media/products/%D0%92%D0%B8%D1%81%D0%BE%D0%BA%D0%BE%D0%B2%D0%BE%D0%BB%D1%8C%D1%82%D0%BD%D0%B0_%D1%81%D0%B8%D1%81%D1%82%D0%B5%D0%BC%D0%B0_%D0%B7%D0%B1%D0%B5%D1%80%D1%96%D0%B3%D0%B0%D0%BD_e6841d1c_elnXYBZ.jpg,"/media/products/gallery/%D0%92%D0%B8%D1%81%D0%BE%D0%BA%D0%BE%D0%B2%D0%BE%D0%BB%D1%8C%D1%82%D0%BD%D0%B0_%D1%81%D0%B8%D1%81%D1%82%D0%B5%D0%BC%D0%B0_%D0%B7%D0%B1%D0%B5%D1%80%D1%96%D0%B3%D0%B0%D0%BD_b5a4463e_jy9q4A8.jpg,/media/products/gallery/%D0%92%D0%B8%D1%81%D0%BE%D0%BA%D0%BE%D0%B2%D0%BE%D0%BB%D1%8C%D1%82%D0%BD%D0%B0_%D1%81%D0%B8%D1%81%D1%82%D0%B5%D0%BC%D0%B0_%D0%B7%D0%B1%D0%B5%D1%80%D1%96%D0%B3%D0%B0%D0%BD_374c7cc7_CEGerLX.jpg",in stock,308500.00 UAH,,Deye,,Deye  Model,new,Акумуляторні батареї,3239,,,,,
832,"Високовольтна система зберігання енергії на 40 кВт: 8 модулів 100 А Deye BOS-G40-40,96kW 409.6V 100Ah","Високовольтна система зберігання енергії на 40 кВт: 8 модулів 100 А Deye BOS-G40-40,96kW 409.6V 100Ah - якісний продукт від Deye для сонячної енергетики.

Основні характеристики:
• Сучасні технології виробництва
• Висока надійність та довговічність
• Відповідність міжнародним стандартам
• Оптимальне співвідношення ціна/якість
• Професійна технічна підтримка

Ідеальний вибір для створення ефективних сонячних енергосистем.
Забезпечує стабільну роботу та економію коштів на електроенергії.",https://greensolartech.com.ua/product/832/,/media/products/%D0%92%D0%B8%D1%81%D0%BE%D0%BA%D0%BE%D0%B2%D0%BE%D0%BB%D1%8C%D1%82%D0%BD%D0%B0_%D1%81%D0%B8%D1%81%D1%82%D0%B5%D0%BC%D0%B0_%D0%B7%D0%B1%D0%B5%D1%80%D1%96%D0%B3%D0%B0%D0%BD_8a54392a_rCqkyfD.jpg,"/media/products/gallery/%D0%92%D0%B8%D1%81%D0%BE%D0%BA%D0%BE%D0%B2%D0%BE%D0%BB%D1%8C%D1%82%D0%BD%D0%B0_%D1%81%D0%B8%D1%81%D1%82%D0%B5%D0%BC%D0%B0_%D0%B7%D0%B1%D0%B5%D1%80%D1%96%D0%B3%D0%B0%D0%BD_4bb304cb_CJQXZdf.jpg,/media/products/gallery/%D0%92%D0%B8%D1%81%D0%BE%D0%BA%D0%BE%D0%B2%D0%BE%D0%BB%D1%8C%D1%82%D0%BD%D0%B0_%D1%81%D0%B8%D1%81%D1%82%D0%B5%D0%BC%D0%B0_%D0%B7%D0%B1%D0%B5%D1%80%D1%96%D0%B3%D0%B0%D0%BD_8a754761_Msu9McJ.jpg",in stock,390500.00 UAH,,Deye,,Deye  Model,new,Акумуляторні батареї,3239,,,,,
831,"Високовольтна система зберігання енергії на 60 кВт: 12 модулів 100 А Deye BOS-G60-61,44kW 614V 100Ah L","Високовольтна система зберігання енергії на 60 кВт: 12 модулів 100 А Deye BOS-G60-61,44kW 614V 100Ah L - якісний продукт від Deye для сонячної енергетики.

Основні характеристики:
• Сучасні технології виробництва
• Висока надійність та довговічність
• Відповідність міжнародним стандартам
• Оптимальне співвідношення ціна/якість
• Професійна технічна підтримка

Ідеальний вибір для створення ефективних сонячних енергосистем.
Забезпечує стабільну роботу та економію коштів на електроенергії.",https://greensolartech.com.ua/product/831/,/media/products/%D0%92%D0%B8%D1%81%D0%BE%D0%BA%D0%BE%D0%B2%D0%BE%D0%BB%D1%8C%D1%82%D0%BD%D0%B0_%D1%81%D0%B8%D1%81%D1%82%D0%B5%D0%BC%D0%B0_%D0%B7%D0%B1%D0%B5%D1%80%D1%96%D0%B3%D0%B0%D0%BD_2d2f242f_pMLm1CB.jpg,"/media/products/gallery/%D0%92%D0%B8%D1%81%D0%BE%D0%BA%D0%BE%D0%B2%D0%BE%D0%BB%D1%8C%D1%82%D0%BD%D0%B0_%D1%81%D0%B8%D1%81%D1%82%D0%B5%D0%BC%D0%B0_%D0%B7%D0%B1%D0%B5%D1%80%D1%96%D0%B3%D0%B0%D0%BD_c5627e60_Li8RHMk.jpg,/media/products/gallery/%D0%92%D0%B8%D1%81%D0%BE%D0%BA%D0%BE%D0%B2%D0%BE%D0%BB%D1%8C%D1%82%D0%BD%D0%B0_%D1%81%D0%B8%D1%81%D1%82%D0%B5%D0%BC%D0%B0_%D0%B7%D0%B1%D0%B5%D1%80%D1%96%D0%B3%D0%B0%D0%BD_96946eb2_LoPp6Eq.jpg,/media/products/gallery/%D0%92%D0%B8%D1%81%D0%BE%D0%BA%D0%BE%D0%B2%D0%BE%D0%BB%D1%8C%D1%82%D0%BD%D0%B0_%D1%81%D0%B8%D1%81%D1%82%D0%B5%D0%BC%D0%B0_%D0%B7%D0%B1%D0%B5%D1%80%D1%96%D0%B3%D0%B0%D0%BD_414cb110_BOt4lbT.jpg",in stock,554500.00 UAH,,Deye,,Deye  Model,new,Акумуляторні батареї,3239,,,,,
830,"Акумуляторна батарея Deye LiFePO4 10,24 кВт рік 51,2B 200A RW-F10.6","Акумуляторна батарея Deye LiFePO4 10,24 кВт рік 51,2B 200A RW-F10.6 - надійна літій-залізо-фосфатна (LiFePO4) батарея від Deye.
Ємність: високої ємності.

Переваги технології LiFePO4:
• Довгий термін служби (понад 6000 циклів)
• Висока безпека експлуатації
• Стабільна робота при різних температурах
• Швидка зарядка та розрядка
• Екологічність та нетоксичність
• Мінімальний саморозряд

Гарантія: 10 років. Ідеально підходить для систем резервного живлення, 
сонячних електростанцій та автономних енергосистем.",https://greensolartech.com.ua/product/830/,/media/products/%D0%90%D0%BA%D1%83%D0%BC%D1%83%D0%BB%D1%8F%D1%82%D0%BE%D1%80%D0%BD%D0%B0_%D0%B1%D0%B0%D1%82%D0%B0%D1%80%D0%B5%D1%8F_Deye_LiFe_76b6dfef_BV800eV.jpg,"/media/products/gallery/%D0%90%D0%BA%D1%83%D0%BC%D1%83%D0%BB%D1%8F%D1%82%D0%BE%D1%80%D0%BD%D0%B0_%D0%B1%D0%B0%D1%82%D0%B0%D1%80%D0%B5%D1%8F_Deye_LiFe_d77000cb_VDE05lm.jpg,/media/products/gallery/%D0%90%D0%BA%D1%83%D0%BC%D1%83%D0%BB%D1%8F%D1%82%D0%BE%D1%80%D0%BD%D0%B0_%D0%B1%D0%B0%D1%82%D0%B0%D1%80%D0%B5%D1%8F_Deye_LiFe_cca15363_HPAEy74.jpg,/media/products/gallery/%D0%90%D0%BA%D1%83%D0%BC%D1%83%D0%BB%D1%8F%D1%82%D0%BE%D1%80%D0%BD%D0%B0_%D0%B1%D0%B0%D1%82%D0%B0%D1%80%D0%B5%D1%8F_Deye_LiFe_e06ec8a1_gbN1z1D.jpg",in stock,69900.00 UAH,,Deye,,Deye  Model,new,Акумуляторні батареї,3239,,,,,
829,"Акумуляторна батарея Deye LiFePO4 5,12 кВт рік високовольтна 100A BOS-GM5.1","Акумуляторна батарея Deye LiFePO4 5,12 кВт рік високовольтна 100A BOS-GM5.1 - надійна літій-залізо-фосфатна (LiFePO4) батарея від Deye.
Ємність: високої ємності.

Переваги технології LiFePO4:
• Довгий термін служби (понад 6000 циклів)
• Висока безпека експлуатації
• Стабільна робота при різних температурах
• Швидка зарядка та розрядка
• Екологічність та нетоксичність
• Мінімальний саморозряд

Гарантія: 10 років. Ідеально підходить для систем резервного живлення, 
сонячних електростанцій та автономних енергосистем.",https://greensolartech.com.ua/product/829/,/media/products/%D0%90%D0%BA%D1%83%D0%BC%D1%83%D0%BB%D1%8F%D1%82%D0%BE%D1%80%D0%BD%D0%B0_%D0%B1%D0%B0%D1%82%D0%B0%D1%80%D0%B5%D1%8F_Deye_LiFe_25d0b91f_VGZDpVT.jpg,"/media/products/gallery/%D0%90%D0%BA%D1%83%D0%BC%D1%83%D0%BB%D1%8F%D1%82%D0%BE%D1%80%D0%BD%D0%B0_%D0%B1%D0%B0%D1%82%D0%B0%D1%80%D0%B5%D1%8F_Deye_LiFe_9520b77c_CedLwyh.jpg,/media/products/gallery/%D0%90%D0%BA%D1%83%D0%BC%D1%83%D0%BB%D1%8F%D1%82%D0%BE%D1%80%D0%BD%D0%B0_%D0%B1%D0%B0%D1%82%D0%B0%D1%80%D0%B5%D1%8F_Deye_LiFe_755b563c_xiVjyi5.jpg,/media/products/gallery/%D0%90%D0%BA%D1%83%D0%BC%D1%83%D0%BB%D1%8F%D1%82%D0%BE%D1%80%D0%BD%D0%B0_%D0%B1%D0%B0%D1%82%D0%B0%D1%80%D0%B5%D1%8F_Deye_LiFe_691ff16e_936WjsF.jpg,/media/products/gallery/%D0%90%D0%BA%D1%83%D0%BC%D1%83%D0%BB%D1%8F%D1%82%D0%BE%D1%80%D0%BD%D0%B0_%D0%B1%D0%B0%D1%82%D0%B0%D1%80%D0%B5%D1%8F_Deye_LiFe_2e84cfa6_aMngSPc.jpg",in stock,34990.00 UAH,,Deye,,Deye  Model,new,Акумуляторні батареї,3239,,,,,
828,Гібридний інвертор Deye 50 кВт SUN-50K-SG01HP3-EU-BM 3-фазний,"Гібридний інвертор Deye 50 кВт SUN-50K-SG01HP3-EU-BM 3-фазний - сучасний гібридний інвертор від Deye, розроблений для ефективного 
перетворення сонячної енергії. Потужність: високої потужності. Ефективність: 98%.

Основні переваги:
• Висока ефективність перетворення енергії
• Надійна робота в будь-яких погодних умовах
• Можливість роботи з акумуляторними батареями
• Інтелектуальна система управління
• Захист від перенапруги та короткого замикання
• Простий монтаж та налаштування

Гарантія: 5 років. Відповідає всім європейським стандартам якості та безпеки.
Ідеальний вибір для приватних та комерційних сонячних електростанцій.",https://greensolartech.com.ua/product/828/,/media/products/%D0%93%D1%96%D0%B1%D1%80%D0%B8%D0%B4%D0%BD%D0%B8%D0%B9_%D1%96%D0%BD%D0%B2%D0%B5%D1%80%D1%82%D0%BE%D1%80_Deye_50_%D0%BA%D0%92%D1%82_c04d1c61_ulDEVo6.jpg,/media/products/gallery/%D0%93%D1%96%D0%B1%D1%80%D0%B8%D0%B4%D0%BD%D0%B8%D0%B9_%D1%96%D0%BD%D0%B2%D0%B5%D1%80%D1%82%D0%BE%D1%80_Deye_50_%D0%BA%D0%92%D1%82_99493853_DgipgmZ.jpg,in stock,199290.00 UAH,,Deye,,Deye  Model,new,Інвертори,3239,,,,,
827,Гібридний інвертор Deye 30 кВт SUN-30K-SG01HP3-EU-BM3 3-фазний,"Гібридний інвертор Deye 30 кВт SUN-30K-SG01HP3-EU-BM3 3-фазний - сучасний гібридний інвертор від Deye, розроблений для ефективного 
перетворення сонячної енергії. Потужність: високої потужності. Ефективність: 98%.

Основні переваги:
• Висока ефективність перетворення енергії
• Надійна робота в будь-яких погодних умовах
• Можливість роботи з акумуляторними батареями
• Інтелектуальна система управління
• Захист від перенапруги та короткого замикання
• Простий монтаж та налаштування

Гарантія: 5 років. Відповідає всім європейським стандартам якості та безпеки.
Ідеальний вибір для приватних та комерційних сонячних електростанцій.",https://greensolartech.com.ua/product/827/,/media/products/%D0%93%D1%96%D0%B1%D1%80%D0%B8%D0%B4%D0%BD%D0%B8%D0%B9_%D1%96%D0%BD%D0%B2%D0%B5%D1%80%D1%82%D0%BE%D1%80_Deye_30_%D0%BA%D0%92%D1%82_7b248311_BDC53ZU.jpg,"/media/products/gallery/%D0%93%D1%96%D0%B1%D1%80%D0%B8%D0%B4%D0%BD%D0%B8%D0%B9_%D1%96%D0%BD%D0%B2%D0%B5%D1%80%D1%82%D0%BE%D1%80_Deye_30_%D0%BA%D0%92%D1%82_22bb043f_jTLBaQj.jpg,/media/products/gallery/%D0%93%D1%96%D0%B1%D1%80%D0%B8%D0%B4%D0%BD%D0%B8%D0%B9_%D1%96%D0%BD%D0%B2%D0%B5%D1%80%D1%82%D0%BE%D1%80_Deye_30_%D0%BA%D0%92%D1%82_a838ec78_a7fhGEF.jpg,/media/products/gallery/%D0%93%D1%96%D0%B1%D1%80%D0%B8%D0%B4%D0%BD%D0%B8%D0%B9_%D1%96%D0%BD%D0%B2%D0%B5%D1%80%D1%82%D0%BE%D1%80_Deye_30_%D0%BA%D0%92%D1%82_99493853_0nvfZSk.jpg",in stock,143990.00 UAH,,Deye,,Deye  Model,new,Інвертори,3239,,,,,
826,Гібридний інвертор Deye 20 кВт SUN-20K-SG05LP3-EU-SM2 3-фазний,"Гібридний інвертор Deye 20 кВт SUN-20K-SG05LP3-EU-SM2 3-фазний - сучасний гібридний інвертор від Deye, розроблений для ефективного 
перетворення сонячної енергії. Потужність: високої потужності. Ефективність: 98%.

Основні переваги:
• Висока ефективність перетворення енергії
• Надійна робота в будь-яких погодних умовах
• Можливість роботи з акумуляторними батареями
• Інтелектуальна система управління
• Захист від перенапруги та короткого замикання
• Простий монтаж та налаштування

Гарантія: 5 років. Відповідає всім європейським стандартам якості та безпеки.
Ідеальний вибір для приватних та комерційних сонячних електростанцій.",https://greensolartech.com.ua/product/826/,/media/products/%D0%93%D1%96%D0%B1%D1%80%D0%B8%D0%B4%D0%BD%D0%B8%D0%B9_%D1%96%D0%BD%D0%B2%D0%B5%D1%80%D1%82%D0%BE%D1%80_Deye_20_%D0%BA%D0%92%D1%82_8c17b85e_RvtsoHx.jpg,"/media/products/gallery/%D0%93%D1%96%D0%B1%D1%80%D0%B8%D0%B4%D0%BD%D0%B8%D0%B9_%D1%96%D0%BD%D0%B2%D0%B5%D1%80%D1%82%D0%BE%D1%80_Deye_20_%D0%BA%D0%92%D1%82_d83d8629_k5Pm6a8.jpg,/media/products/gallery/%D0%93%D1%96%D0%B1%D1%80%D0%B8%D0%B4%D0%BD%D0%B8%D0%B9_%D1%96%D0%BD%D0%B2%D0%B5%D1%80%D1%82%D0%BE%D1%80_Deye_20_%D0%BA%D0%92%D1%82_8a344458_09V6UKL.jpg,/media/products/gallery/%D0%93%D1%96%D0%B1%D1%80%D0%B8%D0%B4%D0%BD%D0%B8%D0%B9_%D1%96%D0%BD%D0%B2%D0%B5%D1%80%D1%82%D0%BE%D1%80_Deye_20_%D0%BA%D0%92%D1%82_5bc0dcd2_nrotpRx.jpg,/media/products/gallery/%D0%93%D1%96%D0%B1%D1%80%D0%B8%D0%B4%D0%BD%D0%B8%D0%B9_%D1%96%D0%BD%D0%B2%D0%B5%D1%80%D1%82%D0%BE%D1%80_Deye_20_%D0%BA%D0%92%D1%82_99493853_U5fwWAp.jpg",in stock,125990.00 UAH,,Deye,,Deye  Model,new,Інвертори,3239,,,,,
825,Гібридний інвертор Deye 18 кВт SUN-18K-SG05LP3-EU-SM2 3-фазний,"Гібридний інвертор Deye 18 кВт SUN-18K-SG05LP3-EU-SM2 3-фазний - сучасний гібридний інвертор від Deye, розроблений для ефективного 
перетворення сонячної енергії. Потужність: високої потужності. Ефективність: 98%.

Основні переваги:
• Висока ефективність перетворення енергії
• Надійна робота в будь-яких погодних умовах
• Можливість роботи з акумуляторними батареями
• Інтелектуальна система управління
• Захист від перенапруги та короткого замикання
• Простий монтаж та налаштування

Гарантія: 5 років. Відповідає всім європейським стандартам якості та безпеки.
Ідеальний вибір для приватних та комерційних сонячних електростанцій.",https://greensolartech.com.ua/product/825/,/media/products/%D0%93%D1%96%D0%B1%D1%80%D0%B8%D0%B4%D0%BD%D0%B8%D0%B9_%D1%96%D0%BD%D0%B2%D0%B5%D1%80%D1%82%D0%BE%D1%80_Deye_18_%D0%BA%D0%92%D1%82_d83d8629_sVmd2Qn.jpg,"/media/products/gallery/%D0%93%D1%96%D0%B1%D1%80%D0%B8%D0%B4%D0%BD%D0%B8%D0%B9_%D1%96%D0%BD%D0%B2%D0%B5%D1%80%D1%82%D0%BE%D1%80_Deye_18_%D0%BA%D0%92%D1%82_8c17b85e_FHx8kE5.jpg,/media/products/gallery/%D0%93%D1%96%D0%B1%D1%80%D0%B8%D0%B4%D0%BD%D0%B8%D0%B9_%D1%96%D0%BD%D0%B2%D0%B5%D1%80%D1%82%D0%BE%D1%80_Deye_18_%D0%BA%D0%92%D1%82_8a344458_YNYsiWJ.jpg,/media/products/gallery/%D0%93%D1%96%D0%B1%D1%80%D0%B8%D0%B4%D0%BD%D0%B8%D0%B9_%D1%96%D0%BD%D0%B2%D0%B5%D1%80%D1%82%D0%BE%D1%80_Deye_18_%D0%BA%D0%92%D1%82_5bc0dcd2_B8eowPL.jpg,/media/products/gallery/%D0%93%D1%96%D0%B1%D1%80%D0%B8%D0%B4%D0%BD%D0%B8%D0%B9_%D1%96%D0%BD%D0%B2%D0%B5%D1%80%D1%82%D0%BE%D1%80_Deye_18_%D0%BA%D0%92%D1%82_99493853_mST4tQ1.jpg",in stock,112990.00 UAH,,Deye,,Deye  Model,new,Інвертори,3239,,,,,
824,Гібридний інвертор Deye 12 кВт SUN-12K-SG04LP3-EU 3-фазний,"Гібридний інвертор Deye 12 кВт SUN-12K-SG04LP3-EU 3-фазний - сучасний гібридний інвертор від Deye, розроблений для ефективного 
перетворення сонячної енергії. Потужність: високої потужності. Ефективність: 98%.

Основні переваги:
• Висока ефективність перетворення енергії
• Надійна робота в будь-яких погодних умовах
• Можливість роботи з акумуляторними батареями
• Інтелектуальна система управління
• Захист від перенапруги та короткого замикання
• Простий монтаж та налаштування

Гарантія: 5 років. Відповідає всім європейським стандартам якості та безпеки.
Ідеальний вибір для приватних та комерційних сонячних електростанцій.",https://greensolartech.com.ua/product/824/,/media/products/%D0%93%D1%96%D0%B1%D1%80%D0%B8%D0%B4%D0%BD%D0%B8%D0%B9_%D1%96%D0%BD%D0%B2%D0%B5%D1%80%D1%82%D0%BE%D1%80_Deye_12_%D0%BA%D0%92%D1%82_6703fda1_vzr14M8.jpg,"/media/products/gallery/%D0%93%D1%96%D0%B1%D1%80%D0%B8%D0%B4%D0%BD%D0%B8%D0%B9_%D1%96%D0%BD%D0%B2%D0%B5%D1%80%D1%82%D0%BE%D1%80_Deye_12_%D0%BA%D0%92%D1%82_e839c683_9pKqmwt.jpg,/media/products/gallery/%D0%93%D1%96%D0%B1%D1%80%D0%B8%D0%B4%D0%BD%D0%B8%D0%B9_%D1%96%D0%BD%D0%B2%D0%B5%D1%80%D1%82%D0%BE%D1%80_Deye_12_%D0%BA%D0%92%D1%82_d32e22d7_unTVvoL.jpg,/media/products/gallery/%D0%93%D1%96%D0%B1%D1%80%D0%B8%D0%B4%D0%BD%D0%B8%D0%B9_%D1%96%D0%BD%D0%B2%D0%B5%D1%80%D1%82%D0%BE%D1%80_Deye_12_%D0%BA%D0%92%D1%82_87656a5f_Lv7WxET.jpg,/media/products/gallery/%D0%93%D1%96%D0%B1%D1%80%D0%B8%D0%B4%D0%BD%D0%B8%D0%B9_%D1%96%D0%BD%D0%B2%D0%B5%D1%80%D1%82%D0%BE%D1%80_Deye_12_%D0%BA%D0%92%D1%82_8e0a7e2a_ZSlmSYJ.jpg,/media/products/gallery/%D0%93%D1%96%D0%B1%D1%80%D0%B8%D0%B4%D0%BD%D0%B8%D0%B9_%D1%96%D0%BD%D0%B2%D0%B5%D1%80%D1%82%D0%BE%D1%80_Deye_12_%D0%BA%D0%92%D1%82_99493853_kmzlLpC.jpg",in stock,73299.00 UAH,,Deye,,Deye  Model,new,Інвертори,3239,,,,,
823,Гібридний інвертор Deye 12 кВт SUN-12K-SG02LP1-EU-AM3 1-фазний,"Гібридний інвертор Deye 12 кВт SUN-12K-SG02LP1-EU-AM3 1-фазний - сучасний гібридний інвертор від Deye, розроблений для ефективного 
перетворення сонячної енергії. Потужність: високої потужності. Ефективність: 98%.

Основні переваги:
• Висока ефективність перетворення енергії
• Надійна робота в будь-яких погодних умовах
• Можливість роботи з акумуляторними батареями
• Інтелектуальна система управління
• Захист від перенапруги та короткого замикання
• Простий монтаж та налаштування

Гарантія: 5 років. Відповідає всім європейським стандартам якості та безпеки.
Ідеальний вибір для приватних та комерційних сонячних електростанцій.",https://greensolartech.com.ua/product/823/,/media/products/%D0%93%D1%96%D0%B1%D1%80%D0%B8%D0%B4%D0%BD%D0%B8%D0%B9_%D1%96%D0%BD%D0%B2%D0%B5%D1%80%D1%82%D0%BE%D1%80_Deye_12_%D0%BA%D0%92%D1%82_07db217f_rGfYyoj.jpg,"/media/products/gallery/%D0%93%D1%96%D0%B1%D1%80%D0%B8%D0%B4%D0%BD%D0%B8%D0%B9_%D1%96%D0%BD%D0%B2%D0%B5%D1%80%D1%82%D0%BE%D1%80_Deye_12_%D0%BA%D0%92%D1%82_931ba1c3_MvpH5IJ.jpg,/media/products/gallery/%D0%93%D1%96%D0%B1%D1%80%D0%B8%D0%B4%D0%BD%D0%B8%D0%B9_%D1%96%D0%BD%D0%B2%D0%B5%D1%80%D1%82%D0%BE%D1%80_Deye_12_%D0%BA%D0%92%D1%82_efb4979c_2WA7q22.jpg,/media/products/gallery/%D0%93%D1%96%D0%B1%D1%80%D0%B8%D0%B4%D0%BD%D0%B8%D0%B9_%D1%96%D0%BD%D0%B2%D0%B5%D1%80%D1%82%D0%BE%D1%80_Deye_12_%D0%BA%D0%92%D1%82_f0f80d47_ptU14hC.jpg,/media/products/gallery/%D0%93%D1%96%D0%B1%D1%80%D0%B8%D0%B4%D0%BD%D0%B8%D0%B9_%D1%96%D0%BD%D0%B2%D0%B5%D1%80%D1%82%D0%BE%D1%80_Deye_12_%D0%BA%D0%92%D1%82_99493853_iLySil9.jpg",in stock,76490.00 UAH,,Deye,,Deye  Model,new,Інвертори,3239,,,,,
822,Гібридний інвертор Deye 10 кВт SUN-10K-SG02LP1-EU-AM3 1-фазний,"Гібридний інвертор Deye 10 кВт SUN-10K-SG02LP1-EU-AM3 1-фазний - сучасний гібридний інвертор від Deye, розроблений для ефективного 
перетворення сонячної енергії. Потужність: високої потужності. Ефективність: 98%.

Основні переваги:
• Висока ефективність перетворення енергії
• Надійна робота в будь-яких погодних умовах
• Можливість роботи з акумуляторними батареями
• Інтелектуальна система управління
• Захист від перенапруги та короткого замикання
• Простий монтаж та налаштування

Гарантія: 5 років. Відповідає всім європейським стандартам якості та безпеки.
Ідеальний вибір для приватних та комерційних сонячних електростанцій.",https://greensolartech.com.ua/product/822/,/media/products/%D0%93%D1%96%D0%B1%D1%80%D0%B8%D0%B4%D0%BD%D0%B8%D0%B9_%D1%96%D0%BD%D0%B2%D0%B5%D1%80%D1%82%D0%BE%D1%80_Deye_10_%D0%BA%D0%92%D1%82_a1a3ccb6_bJ0irOz.jpg,"/media/products/gallery/%D0%93%D1%96%D0%B1%D1%80%D0%B8%D0%B4%D0%BD%D0%B8%D0%B9_%D1%96%D0%BD%D0%B2%D0%B5%D1%80%D1%82%D0%BE%D1%80_Deye_10_%D0%BA%D0%92%D1%82_2d8c644d_cUc2WOK.jpg,/media/products/gallery/%D0%93%D1%96%D0%B1%D1%80%D0%B8%D0%B4%D0%BD%D0%B8%D0%B9_%D1%96%D0%BD%D0%B2%D0%B5%D1%80%D1%82%D0%BE%D1%80_Deye_10_%D0%BA%D0%92%D1%82_8e502565_GWfME2g.jpg,/media/products/gallery/%D0%93%D1%96%D0%B1%D1%80%D0%B8%D0%B4%D0%BD%D0%B8%D0%B9_%D1%96%D0%BD%D0%B2%D0%B5%D1%80%D1%82%D0%BE%D1%80_Deye_10_%D0%BA%D0%92%D1%82_f22d824e_wZCjDYi.jpg,/media/products/gallery/%D0%93%D1%96%D0%B1%D1%80%D0%B8%D0%B4%D0%BD%D0%B8%D0%B9_%D1%96%D0%BD%D0%B2%D0%B5%D1%80%D1%82%D0%BE%D1%80_Deye_10_%D0%BA%D0%92%D1%82_676dc657_6mDRoES.jpg,/media/products/gallery/%D0%93%D1%96%D0%B1%D1%80%D0%B8%D0%B4%D0%BD%D0%B8%D0%B9_%D1%96%D0%BD%D0%B2%D0%B5%D1%80%D1%82%D0%BE%D1%80_Deye_10_%D0%BA%D0%92%D1%82_99493853_fV7Bklg.jpg",in stock,79900.00 UAH,,Deye,,Deye  Model,new,Інвертори,3239,,,,,
821,Гібридний інвертор Deye 8 кВт SUN-8K-SG01LP1-EU 1-фазний,"Гібридний інвертор Deye 8 кВт SUN-8K-SG01LP1-EU 1-фазний - сучасний гібридний інвертор від Deye, розроблений для ефективного 
перетворення сонячної енергії. Потужність: високої потужності. Ефективність: 98%.

Основні переваги:
• Висока ефективність перетворення енергії
• Надійна робота в будь-яких погодних умовах
• Можливість роботи з акумуляторними батареями
• Інтелектуальна система управління
• Захист від перенапруги та короткого замикання
• Простий монтаж та налаштування

Гарантія: 5 років. Відповідає всім європейським стандартам якості та безпеки.
Ідеальний вибір для приватних та комерційних сонячних електростанцій.",https://greensolartech.com.ua/product/821/,/media/products/%D0%93%D1%96%D0%B1%D1%80%D0%B8%D0%B4%D0%BD%D0%B8%D0%B9_%D1%96%D0%BD%D0%B2%D0%B5%D1%80%D1%82%D0%BE%D1%80_Deye_8_%D0%BA%D0%92%D1%82__5b268291_fsdaAgg.jpg,"/media/products/gallery/%D0%93%D1%96%D0%B1%D1%80%D0%B8%D0%B4%D0%BD%D0%B8%D0%B9_%D1%96%D0%BD%D0%B2%D0%B5%D1%80%D1%82%D0%BE%D1%80_Deye_8_%D0%BA%D0%92%D1%82__8dd776fa_NiMJuoe.jpg,/media/products/gallery/%D0%93%D1%96%D0%B1%D1%80%D0%B8%D0%B4%D0%BD%D0%B8%D0%B9_%D1%96%D0%BD%D0%B2%D0%B5%D1%80%D1%82%D0%BE%D1%80_Deye_8_%D0%BA%D0%92%D1%82__c5e6b5b0_xoJmwps.jpg,/media/products/gallery/%D0%93%D1%96%D0%B1%D1%80%D0%B8%D0%B4%D0%BD%D0%B8%D0%B9_%D1%96%D0%BD%D0%B2%D0%B5%D1%80%D1%82%D0%BE%D1%80_Deye_8_%D0%BA%D0%92%D1%82__96c39587_Ff1ayPf.jpg,/media/products/gallery/%D0%93%D1%96%D0%B1%D1%80%D0%B8%D0%B4%D0%BD%D0%B8%D0%B9_%D1%96%D0%BD%D0%B2%D0%B5%D1%80%D1%82%D0%BE%D1%80_Deye_8_%D0%BA%D0%92%D1%82__99493853_P4MtxKn.jpg",in stock,51890.00 UAH,,Deye,,Deye  Model,new,Інвертори,3239,,,,,
820,Гібридний інвертор Deye 6 кВт SUN-6K-SG03LP1-EU 1-фазний,"Гібридний інвертор Deye 6 кВт SUN-6K-SG03LP1-EU 1-фазний - якісний продукт від Deye для сонячної енергетики.

Основні характеристики:
• Сучасні технології виробництва
• Висока надійність та довговічність
• Відповідність міжнародним стандартам
• Оптимальне співвідношення ціна/якість
• Професійна технічна підтримка

Ідеальний вибір для створення ефективних сонячних енергосистем.
Забезпечує стабільну роботу та економію коштів на електроенергії.",https://greensolartech.com.ua/product/820/,/media/products/%D0%93%D0%B8%D0%B1%D1%80%D0%B8%D0%B4%D0%BD%D1%8B%D0%B9_%D0%B8%D0%BD%D0%B2%D0%B5%D1%80%D1%82%D0%BE%D1%80_Deye_6_%D0%BA%D0%92%D1%82__842daa22.jpg,"/media/products/gallery/%D0%93%D0%B8%D0%B1%D1%80%D0%B8%D0%B4%D0%BD%D1%8B%D0%B9_%D0%B8%D0%BD%D0%B2%D0%B5%D1%80%D1%82%D0%BE%D1%80_Deye_6_%D0%BA%D0%92%D1%82__8e1d56f2.jpg,/media/products/gallery/%D0%93%D0%B8%D0%B1%D1%80%D0%B8%D0%B4%D0%BD%D1%8B%D0%B9_%D0%B8%D0%BD%D0%B2%D0%B5%D1%80%D1%82%D0%BE%D1%80_Deye_6_%D0%BA%D0%92%D1%82__86705b61.jpg,/media/products/gallery/%D0%93%D0%B8%D0%B1%D1%80%D0%B8%D0%B4%D0%BD%D1%8B%D0%B9_%D0%B8%D0%BD%D0%B2%D0%B5%D1%80%D1%82%D0%BE%D1%80_Deye_6_%D0%BA%D0%92%D1%82__db3af1e9.jpg,/media/products/gallery/%D0%93%D0%B8%D0%B1%D1%80%D0%B8%D0%B4%D0%BD%D1%8B%D0%B9_%D0%B8%D0%BD%D0%B2%D0%B5%D1%80%D1%82%D0%BE%D1%80_Deye_6_%D0%BA%D0%92%D1%82__99493853.jpg",in stock,37500.00 UAH,,Deye,,Deye  Model,new,Інвертори,3239,,,,,
819,"Акумуляторна батарея LVTOPSUN LVTS-512200 (10 кВт, 48В, 200А)","Акумуляторна батарея LVTOPSUN LVTS-512200 (10 кВт, 48В, 200А) - надійна літій-залізо-фосфатна (LiFePO4) батарея від TopSun.
Ємність: високої ємності.

Переваги технології LiFePO4:
• Довгий термін служби (понад 6000 циклів)
• Висока безпека експлуатації
• Стабільна робота при різних температурах
• Швидка зарядка та розрядка
• Екологічність та нетоксичність
• Мінімальний саморозряд

Гарантія: 10 років. Ідеально підходить для систем резервного живлення, 
сонячних електростанцій та автономних енергосистем.",https://greensolartech.com.ua/product/819/,/media/products/%D0%90%D0%BA%D1%83%D0%BC%D1%83%D0%BB%D1%8F%D1%82%D0%BE%D1%80%D0%BD%D0%B0_%D0%B1%D0%B0%D1%82%D0%B0%D1%80%D0%B5%D1%8F_LVTOPSUN__3a8eaa3d_GcKtBa7.jpg,"/media/products/gallery/%D0%90%D0%BA%D1%83%D0%BC%D1%83%D0%BB%D1%8F%D1%82%D0%BE%D1%80%D0%BD%D0%B0_%D0%B1%D0%B0%D1%82%D0%B0%D1%80%D0%B5%D1%8F_LVTOPSUN__1f145745_791TnC9.jpg,/media/products/gallery/%D0%90%D0%BA%D1%83%D0%BC%D1%83%D0%BB%D1%8F%D1%82%D0%BE%D1%80%D0%BD%D0%B0_%D0%B1%D0%B0%D1%82%D0%B0%D1%80%D0%B5%D1%8F_LVTOPSUN__b8043114_CYzYpmZ.jpg,/media/products/gallery/%D0%90%D0%BA%D1%83%D0%BC%D1%83%D0%BB%D1%8F%D1%82%D0%BE%D1%80%D0%BD%D0%B0_%D0%B1%D0%B0%D1%82%D0%B0%D1%80%D0%B5%D1%8F_LVTOPSUN__b26b3936_03FZXSS.jpg",in stock,87000.00 UAH,,TopSun,,TopSun Model,new,Акумуляторні батареї,3239,,,,,
818,Гібридний інвертор Must PV18-3224 VPM II 3.2 кВт,"Гібридний інвертор Must PV18-3224 VPM II 3.2 кВт - сучасний гібридний інвертор від Must, розроблений для ефективного 
перетворення сонячної енергії. Потужність: високої потужності. Ефективність: 98%.

Основні переваги:
• Висока ефективність перетворення енергії
• Надійна робота в будь-яких погодних умовах
• Можливість роботи з акумуляторними батареями
• Інтелектуальна система управління
• Захист від перенапруги та короткого замикання
• Простий монтаж та налаштування

Гарантія: 5 років. Відповідає всім європейським стандартам якості та безпеки.
Ідеальний вибір для приватних та комерційних сонячних електростанцій.",https://greensolartech.com.ua/product/818/,/media/products/%D0%93%D1%96%D0%B1%D1%80%D0%B8%D0%B4%D0%BD%D0%B8%D0%B9_%D1%96%D0%BD%D0%B2%D0%B5%D1%80%D1%82%D0%BE%D1%80_Must_PV18-3_fcf4730c_C9L57L1.jpg,"/media/products/gallery/%D0%93%D1%96%D0%B1%D1%80%D0%B8%D0%B4%D0%BD%D0%B8%D0%B9_%D1%96%D0%BD%D0%B2%D0%B5%D1%80%D1%82%D0%BE%D1%80_Must_PV18-3_fdbd125f_tTbzqVH.jpg,/media/products/gallery/%D0%93%D1%96%D0%B1%D1%80%D0%B8%D0%B4%D0%BD%D0%B8%D0%B9_%D1%96%D0%BD%D0%B2%D0%B5%D1%80%D1%82%D0%BE%D1%80_Must_PV18-3_dd00a957_5rwUR6i.jpg,/media/products/gallery/%D0%93%D1%96%D0%B1%D1%80%D0%B8%D0%B4%D0%BD%D0%B8%D0%B9_%D1%96%D0%BD%D0%B2%D0%B5%D1%80%D1%82%D0%BE%D1%80_Must_PV18-3_220b1d98_XXSEuua.jpg,/media/products/gallery/%D0%93%D1%96%D0%B1%D1%80%D0%B8%D0%B4%D0%BD%D0%B8%D0%B9_%D1%96%D0%BD%D0%B2%D0%B5%D1%80%D1%82%D0%BE%D1%80_Must_PV18-3_0bb5e471_b8rCxus.jpg,/media/products/gallery/%D0%93%D1%96%D0%B1%D1%80%D0%B8%D0%B4%D0%BD%D0%B8%D0%B9_%D1%96%D0%BD%D0%B2%D0%B5%D1%80%D1%82%D0%BE%D1%80_Must_PV18-3_47d49c4d_GzspROc.jpg,/media/products/gallery/%D0%93%D1%96%D0%B1%D1%80%D0%B8%D0%B4%D0%BD%D0%B8%D0%B9_%D1%96%D0%BD%D0%B2%D0%B5%D1%80%D1%82%D0%BE%D1%80_Must_PV18-3_749f4602_Fi10T8y.jpg",in stock,11000.00 UAH,,Must,,Must Model,new,Інвертори,3239,,,,,
817,Комплект резервного Живлення Must PV19-6048 EXP(6kWT)+Must LP16-48200 (10kWt),"Комплект резервного Живлення Must PV19-6048 EXP(6kWT)+Must LP16-48200 (10kWt) - готове рішення для резервного живлення від Must.

Комплект включає:
• Гібридний інвертор високої якості
• Літій-залізо-фосфатну батарею
• Необхідні кабелі та з'єднання
• Систему моніторингу та управління

Переваги готового рішення:
• Всі компоненти протестовані разом
• Простий монтаж та налаштування
• Технічна підтримка та гарантія
• Оптимальне співвідношення ціна/якість

Забезпечує надійне резервне живлення для дому чи офісу.",https://greensolartech.com.ua/product/817/,/media/products/%D0%9A%D0%BE%D0%BC%D0%BF%D0%BB%D0%B5%D0%BA%D1%82_%D1%80%D0%B5%D0%B7%D0%B5%D1%80%D0%B2%D0%BD%D0%BE%D0%B3%D0%BE_%D0%96%D0%B8%D0%B2%D0%BB%D0%B5%D0%BD%D0%BD%D1%8F_M_7c1a1e05.jpg,"/media/products/gallery/%D0%9A%D0%BE%D0%BC%D0%BF%D0%BB%D0%B5%D0%BA%D1%82_%D1%80%D0%B5%D0%B7%D0%B5%D1%80%D0%B2%D0%BD%D0%BE%D0%B3%D0%BE_%D0%96%D0%B8%D0%B2%D0%BB%D0%B5%D0%BD%D0%BD%D1%8F_M_c5d80d10.jpg,/media/products/gallery/%D0%9A%D0%BE%D0%BC%D0%BF%D0%BB%D0%B5%D0%BA%D1%82_%D1%80%D0%B5%D0%B7%D0%B5%D1%80%D0%B2%D0%BD%D0%BE%D0%B3%D0%BE_%D0%96%D0%B8%D0%B2%D0%BB%D0%B5%D0%BD%D0%BD%D1%8F_M_3a0766ca.jpg,/media/products/gallery/%D0%9A%D0%BE%D0%BC%D0%BF%D0%BB%D0%B5%D0%BA%D1%82_%D1%80%D0%B5%D0%B7%D0%B5%D1%80%D0%B2%D0%BD%D0%BE%D0%B3%D0%BE_%D0%96%D0%B8%D0%B2%D0%BB%D0%B5%D0%BD%D0%BD%D1%8F_M_14f086d3.jpg,/media/products/gallery/%D0%9A%D0%BE%D0%BC%D0%BF%D0%BB%D0%B5%D0%BA%D1%82_%D1%80%D0%B5%D0%B7%D0%B5%D1%80%D0%B2%D0%BD%D0%BE%D0%B3%D0%BE_%D0%96%D0%B8%D0%B2%D0%BB%D0%B5%D0%BD%D0%BD%D1%8F_M_81dc1dd5.jpg,/media/products/gallery/%D0%9A%D0%BE%D0%BC%D0%BF%D0%BB%D0%B5%D0%BA%D1%82_%D1%80%D0%B5%D0%B7%D0%B5%D1%80%D0%B2%D0%BD%D0%BE%D0%B3%D0%BE_%D0%96%D0%B8%D0%B2%D0%BB%D0%B5%D0%BD%D0%BD%D1%8F_M_b741897c.jpg,/media/products/gallery/%D0%9A%D0%BE%D0%BC%D0%BF%D0%BB%D0%B5%D0%BA%D1%82_%D1%80%D0%B5%D0%B7%D0%B5%D1%80%D0%B2%D0%BD%D0%BE%D0%B3%D0%BE_%D0%96%D0%B8%D0%B2%D0%BB%D0%B5%D0%BD%D0%BD%D1%8F_M_2ecdb5c2.jpg,/media/products/gallery/%D0%9A%D0%BE%D0%BC%D0%BF%D0%BB%D0%B5%D0%BA%D1%82_%D1%80%D0%B5%D0%B7%D0%B5%D1%80%D0%B2%D0%BD%D0%BE%D0%B3%D0%BE_%D0%96%D0%B8%D0%B2%D0%BB%D0%B5%D0%BD%D0%BD%D1%8F_M_7056a1be.jpg,/media/products/gallery/%D0%9A%D0%BE%D0%BC%D0%BF%D0%BB%D0%B5%D0%BA%D1%82_%D1%80%D0%B5%D0%B7%D0%B5%D1%80%D0%B2%D0%BD%D0%BE%D0%B3%D0%BE_%D0%96%D0%B8%D0%B2%D0%BB%D0%B5%D0%BD%D0%BD%D1%8F_M_c4b42232.jpg,/media/products/gallery/%D0%9A%D0%BE%D0%BC%D0%BF%D0%BB%D0%B5%D0%BA%D1%82_%D1%80%D0%B5%D0%B7%D0%B5%D1%80%D0%B2%D0%BD%D0%BE%D0%B3%D0%BE_%D0%96%D0%B8%D0%B2%D0%BB%D0%B5%D0%BD%D0%BD%D1%8F_M_2fba78a8.jpg",in stock,74900.00 UAH,,Must,,Must Model,new,Комплекти резервного живлення,3239,,,,,
816,Акумуляторна батарея MUST LiFePO4 LP16-48200 10 kWt 48V 200A,"Акумуляторна батарея MUST LiFePO4 LP16-48200 10 kWt 48V 200A - надійна літій-залізо-фосфатна (LiFePO4) батарея від Must.
Ємність: високої ємності.

Переваги технології LiFePO4:
• Довгий термін служби (понад 6000 циклів)
• Висока безпека експлуатації
• Стабільна робота при різних температурах
• Швидка зарядка та розрядка
• Екологічність та нетоксичність
• Мінімальний саморозряд

Гарантія: 10 років. Ідеально підходить для систем резервного живлення, 
сонячних електростанцій та автономних енергосистем.",https://greensolartech.com.ua/product/816/,/media/products/%D0%90%D0%BA%D1%83%D0%BC%D1%83%D0%BB%D1%8F%D1%82%D0%BE%D1%80%D0%BD%D0%B0_%D0%B1%D0%B0%D1%82%D0%B0%D1%80%D0%B5%D1%8F_MUST_LiFe_9b3b9f9f_tcWTC7N.jpg,"/media/products/gallery/%D0%90%D0%BA%D1%83%D0%BC%D1%83%D0%BB%D1%8F%D1%82%D0%BE%D1%80%D0%BD%D0%B0_%D0%B1%D0%B0%D1%82%D0%B0%D1%80%D0%B5%D1%8F_MUST_LiFe_3a65595b_g2loCQw.jpg,/media/products/gallery/%D0%90%D0%BA%D1%83%D0%BC%D1%83%D0%BB%D1%8F%D1%82%D0%BE%D1%80%D0%BD%D0%B0_%D0%B1%D0%B0%D1%82%D0%B0%D1%80%D0%B5%D1%8F_MUST_LiFe_5a05fb5c_yAcLEFu.jpg,/media/products/gallery/%D0%90%D0%BA%D1%83%D0%BC%D1%83%D0%BB%D1%8F%D1%82%D0%BE%D1%80%D0%BD%D0%B0_%D0%B1%D0%B0%D1%82%D0%B0%D1%80%D0%B5%D1%8F_MUST_LiFe_6fd35b62_TwR2MBA.jpg",in stock,62999.00 UAH,,Must,,Must Model,new,Акумуляторні батареї,3239,,,,,
815,Комплект резервного живлення  Must PV19-6048 EXP(6kWT)+Must LP16-48100,"Комплект резервного живлення  Must PV19-6048 EXP(6kWT)+Must LP16-48100 - готове рішення для резервного живлення від Must.

Комплект включає:
• Гібридний інвертор високої якості
• Літій-залізо-фосфатну батарею
• Необхідні кабелі та з'єднання
• Систему моніторингу та управління

Переваги готового рішення:
• Всі компоненти протестовані разом
• Простий монтаж та налаштування
• Технічна підтримка та гарантія
• Оптимальне співвідношення ціна/якість

Забезпечує надійне резервне живлення для дому чи офісу.",https://greensolartech.com.ua/product/815/,/media/products/%D0%9A%D0%BE%D0%BC%D0%BF%D0%BB%D0%B5%D0%BA%D1%82_%D1%80%D0%B5%D0%B7%D0%B5%D1%80%D0%B2%D0%BD%D0%BE%D0%B3%D0%BE_%D0%B6%D0%B8%D0%B2%D0%BB%D0%B5%D0%BD%D0%BD%D1%8F___659cdb22.jpg,"/media/products/gallery/%D0%9A%D0%BE%D0%BC%D0%BF%D0%BB%D0%B5%D0%BA%D1%82_%D1%80%D0%B5%D0%B7%D0%B5%D1%80%D0%B2%D0%BD%D0%BE%D0%B3%D0%BE_%D0%B6%D0%B8%D0%B2%D0%BB%D0%B5%D0%BD%D0%BD%D1%8F___a1061e0c.jpg,/media/products/gallery/%D0%9A%D0%BE%D0%BC%D0%BF%D0%BB%D0%B5%D0%BA%D1%82_%D1%80%D0%B5%D0%B7%D0%B5%D1%80%D0%B2%D0%BD%D0%BE%D0%B3%D0%BE_%D0%B6%D0%B8%D0%B2%D0%BB%D0%B5%D0%BD%D0%BD%D1%8F___659b62de.jpg,/media/products/gallery/%D0%9A%D0%BE%D0%BC%D0%BF%D0%BB%D0%B5%D0%BA%D1%82_%D1%80%D0%B5%D0%B7%D0%B5%D1%80%D0%B2%D0%BD%D0%BE%D0%B3%D0%BE_%D0%B6%D0%B8%D0%B2%D0%BB%D0%B5%D0%BD%D0%BD%D1%8F___97e85669.jpg,/media/products/gallery/%D0%9A%D0%BE%D0%BC%D0%BF%D0%BB%D0%B5%D0%BA%D1%82_%D1%80%D0%B5%D0%B7%D0%B5%D1%80%D0%B2%D0%BD%D0%BE%D0%B3%D0%BE_%D0%B6%D0%B8%D0%B2%D0%BB%D0%B5%D0%BD%D0%BD%D1%8F___e14902ee.jpg,/media/products/gallery/%D0%9A%D0%BE%D0%BC%D0%BF%D0%BB%D0%B5%D0%BA%D1%82_%D1%80%D0%B5%D0%B7%D0%B5%D1%80%D0%B2%D0%BD%D0%BE%D0%B3%D0%BE_%D0%B6%D0%B8%D0%B2%D0%BB%D0%B5%D0%BD%D0%BD%D1%8F___f6e6eeef.jpg,/media/products/gallery/%D0%9A%D0%BE%D0%BC%D0%BF%D0%BB%D0%B5%D0%BA%D1%82_%D1%80%D0%B5%D0%B7%D0%B5%D1%80%D0%B2%D0%BD%D0%BE%D0%B3%D0%BE_%D0%B6%D0%B8%D0%B2%D0%BB%D0%B5%D0%BD%D0%BD%D1%8F___db7f0bc2.jpg,/media/products/gallery/%D0%9A%D0%BE%D0%BC%D0%BF%D0%BB%D0%B5%D0%BA%D1%82_%D1%80%D0%B5%D0%B7%D0%B5%D1%80%D0%B2%D0%BD%D0%BE%D0%B3%D0%BE_%D0%B6%D0%B8%D0%B2%D0%BB%D0%B5%D0%BD%D0%BD%D1%8F___51c28b36.jpg,/media/products/gallery/%D0%9A%D0%BE%D0%BC%D0%BF%D0%BB%D0%B5%D0%BA%D1%82_%D1%80%D0%B5%D0%B7%D0%B5%D1%80%D0%B2%D0%BD%D0%BE%D0%B3%D0%BE_%D0%B6%D0%B8%D0%B2%D0%BB%D0%B5%D0%BD%D0%BD%D1%8F___2e3f2054.jpg",in stock,40999.00 UAH,,Must,,Must Model,new,Комплекти резервного живлення,3239,,,,,
814,Акумуляторна Батарея MUST LiFePO4 LP16-48100 5 kWt 48V 100A,"Акумуляторна Батарея MUST LiFePO4 LP16-48100 5 kWt 48V 100A - надійна літій-залізо-фосфатна (LiFePO4) батарея від Must.
Ємність: високої ємності.

Переваги технології LiFePO4:
• Довгий термін служби (понад 6000 циклів)
• Висока безпека експлуатації
• Стабільна робота при різних температурах
• Швидка зарядка та розрядка
• Екологічність та нетоксичність
• Мінімальний саморозряд

Гарантія: 10 років. Ідеально підходить для систем резервного живлення, 
сонячних електростанцій та автономних енергосистем.",https://greensolartech.com.ua/product/814/,/media/products/%D0%90%D0%BA%D1%83%D0%BC%D1%83%D0%BB%D1%8F%D1%82%D0%BE%D1%80%D0%BD%D0%B0_%D0%91%D0%B0%D1%82%D0%B0%D1%80%D0%B5%D1%8F_MUST_LiFe_244c278f_rnptbIe.jpg,"/media/products/gallery/%D0%90%D0%BA%D1%83%D0%BC%D1%83%D0%BB%D1%8F%D1%82%D0%BE%D1%80%D0%BD%D0%B0_%D0%91%D0%B0%D1%82%D0%B0%D1%80%D0%B5%D1%8F_MUST_LiFe_74f34999_WT8dcnW.jpg,/media/products/gallery/%D0%90%D0%BA%D1%83%D0%BC%D1%83%D0%BB%D1%8F%D1%82%D0%BE%D1%80%D0%BD%D0%B0_%D0%91%D0%B0%D1%82%D0%B0%D1%80%D0%B5%D1%8F_MUST_LiFe_53271174_9ANyrLY.jpg",in stock,29399.00 UAH,,Must,,Must Model,new,Акумуляторні батареї,3239,,,,,
813,Гібридний інвертор MUST PV19-6048 EXP 6квт,"Гібридний інвертор MUST PV19-6048 EXP 6квт - сучасний гібридний інвертор від Must, розроблений для ефективного 
перетворення сонячної енергії. Потужність: високої потужності. Ефективність: 98%.

Основні переваги:
• Висока ефективність перетворення енергії
• Надійна робота в будь-яких погодних умовах
• Можливість роботи з акумуляторними батареями
• Інтелектуальна система управління
• Захист від перенапруги та короткого замикання
• Простий монтаж та налаштування

Гарантія: 5 років. Відповідає всім європейським стандартам якості та безпеки.
Ідеальний вибір для приватних та комерційних сонячних електростанцій.",https://greensolartech.com.ua/product/813/,/media/products/%D0%93%D1%96%D0%B1%D1%80%D0%B8%D0%B4%D0%BD%D0%B8%D0%B9_%D1%96%D0%BD%D0%B2%D0%B5%D1%80%D1%82%D0%BE%D1%80_MUST_PV19-6_a30bde42_EYHaiGV.jpg,"/media/products/gallery/%D0%93%D1%96%D0%B1%D1%80%D0%B8%D0%B4%D0%BD%D0%B8%D0%B9_%D1%96%D0%BD%D0%B2%D0%B5%D1%80%D1%82%D0%BE%D1%80_MUST_PV19-6_3180a07b_i09pNSC.jpg,/media/products/gallery/%D0%93%D1%96%D0%B1%D1%80%D0%B8%D0%B4%D0%BD%D0%B8%D0%B9_%D1%96%D0%BD%D0%B2%D0%B5%D1%80%D1%82%D0%BE%D1%80_MUST_PV19-6_8fe5e0ed_S1tzIkY.jpg,/media/products/gallery/%D0%93%D1%96%D0%B1%D1%80%D0%B8%D0%B4%D0%BD%D0%B8%D0%B9_%D1%96%D0%BD%D0%B2%D0%B5%D1%80%D1%82%D0%BE%D1%80_MUST_PV19-6_d07e6c1d_SlKiZUp.jpg",in stock,14900.00 UAH,,Must,,Must Model,new,Інвертори,3239,,,,,
